emotion,소개,작가명,작품명,address,topic,주제,멘트
분노,오늘 하루도 수고한 당신을 위한 밤의 테라스,빈센트 반 고흐,밤의 카페 테라스,http://blog.naver.com/storyphoto/viewer.jsp?src=https%3A%2F%2Fblogfiles.pstatic.net%2FMjAyMjA3MTZfMjUg%2FMDAxNjU3OTUwMDQ1OTU5.9C_Ktl6SJtzmX8ueQY4Hc0nNtDHK63O7jRk0v3d9RF4g.ZQu-nG-mFT4uxcON0HU_j__FZG-0a5sqjCVOoBukimAg.JPEG.imoxygen%2FIMG_4620.jpg,work,일의 행복을 위하여,"세 가지 조건 모두를 충족시키기 쉽지 않기에, 우리는 일로부터 잦은 스트레스를 받곤 합니다. 이 파트의 그림은 지친 머리를 맑게 하고 일의 집중력과 에너지, 의욕을 자극해 일의 행복을 찾는 데 도움을 줄 것입니다."
분노,"둥근 원, 빨강, 그리고 체력 에너지",바실리 칸딘스키,동심원들과 정사각형들,https://mblogthumb-phinf.pstatic.net/MjAxNzEwMTdfMTM2/MDAxNTA4MjEzODgwMzEw.SyEdzkesysoZHS-CQR3w6Qcrv2RLly-vtpbcLPRZ3DQg.65CKrdVwNOBk1XF01QV5-HqPjB5Pzcu5EvlvApccZwcg.JPEG.hanolquilt/NaverBlog_20171017_131759_00.jpg?type=w2,work,일의 행복을 위하여,"세 가지 조건 모두를 충족시키기 쉽지 않기에, 우리는 일로부터 잦은 스트레스를 받곤 합니다. 이 파트의 그림은 지친 머리를 맑게 하고 일의 집중력과 에너지, 의욕을 자극해 일의 행복을 찾는 데 도움을 줄 것입니다."
분노,"아무것고, 아무 생각도 하지 않을 자유",구스타브 카유보트,창가의 남자,http://blog.naver.com/storyphoto/viewer.jsp?src=https%3A%2F%2Fblogfiles.pstatic.net%2FMjAxODA2MDZfOTcg%2FMDAxNTI4Mjg2NDgxNzU3.uHxyj7mlL5LjtUmfDiuEMzgQ11bM6q_awhj3bfIbScwg._aqySuQCkpC1kyyCOcD1cbL_NkiY9IOrMOd31ZwAEfog.JPEG.ubin1313%2FKakaoTalk_20180606_20340,work,일의 행복을 위하여,"세 가지 조건 모두를 충족시키기 쉽지 않기에, 우리는 일로부터 잦은 스트레스를 받곤 합니다. 이 파트의 그림은 지친 머리를 맑게 하고 일의 집중력과 에너지, 의욕을 자극해 일의 행복을 찾는 데 도움을 줄 것입니다."
분노,손과 마음이 가는대로,에두아르 마네,비눗방울 부는 소년,https://blogfiles.pstatic.net/MjAyMDAzMjhfNzIg/MDAxNTg1MzYwMDcyOTE0.riVtI1_pmChG96oAE0ZjFZBotTc37Q4sxHmmpjAKZvwg.4844Lg7UM00LwVEqNrdTRvFtDyWaUIJ2PbjGRZ3pjV8g.JPEG.migoing/726px-Boy_Blowing_Bubbles_Edouard_Manet.jpg,work,일의 행복을 위하여,"세 가지 조건 모두를 충족시키기 쉽지 않기에, 우리는 일로부터 잦은 스트레스를 받곤 합니다. 이 파트의 그림은 지친 머리를 맑게 하고 일의 집중력과 에너지, 의욕을 자극해 일의 행복을 찾는 데 도움을 줄 것입니다."
분노,나에게 도움을 주는 사람들,존 밀레이,눈 먼 소녀,https://blogfiles.pstatic.net/MjAxODEwMjRfMTc2/MDAxNTQwMzgwMDExMTY2.YfogUDN39QyHE_TN8e0W-j5o9jOdbfG_YkvzG9dwH4Qg.NDvjVpW-0PhsQJrg--K9R0icWPqrnZaYd2OZ9yxGgB4g.JPEG.soulmate7750/%EB%88%88_%EB%A8%BC_%EC%86%8C%EB%85%80-tile.jpg,work,일의 행복을 위하여,"세 가지 조건 모두를 충족시키기 쉽지 않기에, 우리는 일로부터 잦은 스트레스를 받곤 합니다. 이 파트의 그림은 지친 머리를 맑게 하고 일의 집중력과 에너지, 의욕을 자극해 일의 행복을 찾는 데 도움을 줄 것입니다."
분노,신선한 아이디어를 얻으려면,앙리 마티스,"폴리네시아, 하늘 / 폴리네시아, 바다",https://mblogthumb-phinf.pstatic.net/20160804_104/heasungpak_14702701132130wkVp_JPEG/image_7486633891470264609309.jpg?type=w800,work,일의 행복을 위하여,"세 가지 조건 모두를 충족시키기 쉽지 않기에, 우리는 일로부터 잦은 스트레스를 받곤 합니다. 이 파트의 그림은 지친 머리를 맑게 하고 일의 집중력과 에너지, 의욕을 자극해 일의 행복을 찾는 데 도움을 줄 것입니다."
분노,짜증을 풀려면 붉은 방에 가라,앙리 마티스,붉은 조화,https://blogfiles.pstatic.net/MjAyMTA5MjBfMTYx/MDAxNjMyMTI3NzgzMDUy.IfV4j5Qy0nKp5E05o_X8E054QUiA1ulfJx7EW--CQWwg.N-8k5XUOloI34_tea3xa6rioXA9OnSWsu01In7HJjPog.JPEG.yyongblee/comment_7rvints9kDbot9eexjNr7cyHQFt569xW.jpg,work,일의 행복을 위하여,"세 가지 조건 모두를 충족시키기 쉽지 않기에, 우리는 일로부터 잦은 스트레스를 받곤 합니다. 이 파트의 그림은 지친 머리를 맑게 하고 일의 집중력과 에너지, 의욕을 자극해 일의 행복을 찾는 데 도움을 줄 것입니다."
분노,나도 의욕적으로 일하고 싶다,장 조푸루아,"교실, 공부하는 아이들","https://blogfiles.pstatic.net/MjAyMTA0MTNfMTY4/MDAxNjE4MzE4MDcxNTk5.uJoD2BlkYZ07tH_jeXplXd7c4afbRaqCowqAmRo2UgYg.lyF1YU6yYJJGhZnflcO5eNpRHVpyF3vQntZp9iQIbj4g.JPEG.judys95/Jean_Geoffroy_-_En_classe,_le_travail_des_petits.jpg",work,일의 행복을 위하여,"세 가지 조건 모두를 충족시키기 쉽지 않기에, 우리는 일로부터 잦은 스트레스를 받곤 합니다. 이 파트의 그림은 지친 머리를 맑게 하고 일의 집중력과 에너지, 의욕을 자극해 일의 행복을 찾는 데 도움을 줄 것입니다."
분노,배움에 대한 열정,장 밥티스트 시메옹 샤르댕,젊은 여선생,https://blogfiles.pstatic.net/20120512_121/xing_i_13367941176289saDF_JPEG/%C0%FE%C0%BA_%BF%A9%BC%B1%BB%FD.jpg,work,일의 행복을 위하여,"세 가지 조건 모두를 충족시키기 쉽지 않기에, 우리는 일로부터 잦은 스트레스를 받곤 합니다. 이 파트의 그림은 지친 머리를 맑게 하고 일의 집중력과 에너지, 의욕을 자극해 일의 행복을 찾는 데 도움을 줄 것입니다."
분노,마음을 어루만지는 그림이 필요한 이유,에드가 드가,시골 경마장,https://blogfiles.pstatic.net/20150415_67/ngyadpr_14290948497738LwAi_PNG/%C4%B8%C3%B3.PNG,work,일의 행복을 위하여,"세 가지 조건 모두를 충족시키기 쉽지 않기에, 우리는 일로부터 잦은 스트레스를 받곤 합니다. 이 파트의 그림은 지친 머리를 맑게 하고 일의 집중력과 에너지, 의욕을 자극해 일의 행복을 찾는 데 도움을 줄 것입니다."
분노,하기 싫은 일로부터의 스트레스,자코모 발라,줄에 매인 개의 움직임,https://blogfiles.pstatic.net/20140715_228/helmut_lang_14054287587652RpGd_JPEG/giacomo-balla-dynamism-of-a-dog-on-a-leash.jpg,work,일의 행복을 위하여,"세 가지 조건 모두를 충족시키기 쉽지 않기에, 우리는 일로부터 잦은 스트레스를 받곤 합니다. 이 파트의 그림은 지친 머리를 맑게 하고 일의 집중력과 에너지, 의욕을 자극해 일의 행복을 찾는 데 도움을 줄 것입니다."
분노,집중력을 위한 최상의 분위기,조르주 드 라 투르,작은 등불 앞의 막달라 마리아,https://blogfiles.pstatic.net/MjAyMTExMTBfMTcw/MDAxNjM2NTI5NjgwNzcy.azsZY93ZTK3-t90vKAE44q-vhKQ_Uped4svgoXvX7w0g.jYTwmXy4p3zj5xo_68GhtD_beLcsrlGr1PqU7bwwHewg.JPEG.ensemble_or/SE-734d1a11-b5c3-42d8-993d-a002d097f98a.jpg,work,일의 행복을 위하여,"세 가지 조건 모두를 충족시키기 쉽지 않기에, 우리는 일로부터 잦은 스트레스를 받곤 합니다. 이 파트의 그림은 지친 머리를 맑게 하고 일의 집중력과 에너지, 의욕을 자극해 일의 행복을 찾는 데 도움을 줄 것입니다."
분노,긴장을 풀어주는 노랑의 힘,폴 고갱,기도하는 브르타뉴의 여인,https://blogfiles.pstatic.net/MjAxNzA2MTZfMjI0/MDAxNDk3NTgxMjk0OTM3.3Hj2y7NW27IBhFSjtHPM2i1CRehSptxjNbLizfb_mFgg.Zgqz2qKKrI-viDdQlVDfEEsSPk3OVzSf2Q6T2v-T2q8g.PNG.ranaclinic/__(2).png,work,일의 행복을 위하여,"세 가지 조건 모두를 충족시키기 쉽지 않기에, 우리는 일로부터 잦은 스트레스를 받곤 합니다. 이 파트의 그림은 지친 머리를 맑게 하고 일의 집중력과 에너지, 의욕을 자극해 일의 행복을 찾는 데 도움을 줄 것입니다."
분노,에너지가 쏟아지는 순간을 맞이하라,가쓰시카 호쿠사이,가나가와 해변의 높은 파도 아래,https://blogfiles.pstatic.net/MjAyMTAyMDhfMjQy/MDAxNjEyNzQ4MDM5ODUw.kCGLf7m2pkJPQ_4FAN9Bm_DlLTq_K2mYGodoElwCzvog.rHomH-1fBFSbyod9eZYLP8g7PEknIf9LQy3wv5FtfA8g.JPEG.last_grammar/%EF%BB%BF%EA%B0%80%EB%82%98%EA%B0%80%EC%99%80_%ED%95%B4%EB%B3%80%EC%9D%98_%EB%86,work,일의 행복을 위하여,"세 가지 조건 모두를 충족시키기 쉽지 않기에, 우리는 일로부터 잦은 스트레스를 받곤 합니다. 이 파트의 그림은 지친 머리를 맑게 하고 일의 집중력과 에너지, 의욕을 자극해 일의 행복을 찾는 데 도움을 줄 것입니다."
분노,나의 감정을 이해해 주세요,후고 짐베르크,부상당한 천사,https://blogfiles.pstatic.net/MjAyMDA3MzBfMTEx/MDAxNTk2MDgwMTAwMTA4.6ObLPr3x4WO18t8N_HkHcsRwa18cdruy4U0I1yCQUdcg.lE3LyeX2W0gS_RxPr-68CeYGo2xAJGjGwUx2r4V0IjUg.JPEG.stjy0526/SE-3c273113-542b-4c65-b3da-88620d98f5f2.jpg,work,일의 행복을 위하여,"세 가지 조건 모두를 충족시키기 쉽지 않기에, 우리는 일로부터 잦은 스트레스를 받곤 합니다. 이 파트의 그림은 지친 머리를 맑게 하고 일의 집중력과 에너지, 의욕을 자극해 일의 행복을 찾는 데 도움을 줄 것입니다."
분노,불안한 마음을 해소하는 방법,산드로 보티첼리,비너스의 탄생,https://dbscthumb-phinf.pstatic.net/3329_000_2/20140914200304911_HVTBJLGUO.jpg/BAL_412.jpg?type=m2000_2000_fst_n&wm=Y,work,일의 행복을 위하여,"세 가지 조건 모두를 충족시키기 쉽지 않기에, 우리는 일로부터 잦은 스트레스를 받곤 합니다. 이 파트의 그림은 지친 머리를 맑게 하고 일의 집중력과 에너지, 의욕을 자극해 일의 행복을 찾는 데 도움을 줄 것입니다."
슬픔,아름다운 그림은 구체적으로 어떤 힘을 지닐까,오귀스트 르누아르,피아노 치는 소녀,https://dbscthumb-phinf.pstatic.net/3329_000_2/20140914191736542_JLJYWZ56A.jpg/99-015182.jpg?type=m2000_2000_fst_n&wm=Y,Relationship,부드러운 사람 관계를 원한다면,"사랑하고 또 동시에 미워하게도 되는 존재, 어렵다고 등한시할 수 없는 영원한 삶의 과제. ‘사람’. 외로움과 상처와 같이 사람으로부터 오는 결핍들을 치유하고, 나의 사람 관계를 돈독히 꾸려나갈 수 있는 그림을 담았습니다."
슬픔,우리들 마음에 잔잔한 위로를 던져주는 그림,빈센트 반 고흐,우체부 조제프 룰랭의 초상,https://dbscthumb-phinf.pstatic.net/3329_000_2/20140914200525640_XGXTGVCEK.jpg/bal_156523.jpg?type=m2000_2000_fst_n&wm=Y,Relationship,부드러운 사람 관계를 원한다면,"사랑하고 또 동시에 미워하게도 되는 존재, 어렵다고 등한시할 수 없는 영원한 삶의 과제. ‘사람’. 외로움과 상처와 같이 사람으로부터 오는 결핍들을 치유하고, 나의 사람 관계를 돈독히 꾸려나갈 수 있는 그림을 담았습니다."
슬픔,사교적 활동과 대인관계에 좋은 색깔,이중섭 ,해와 아이들,https://dbscthumb-phinf.pstatic.net/3329_000_108/20141114215633642_TX6COGECX.jpg/2011040715525812.jpg?type=m2000_2000_fst&wm=N,Relationship,부드러운 사람 관계를 원한다면,"사랑하고 또 동시에 미워하게도 되는 존재, 어렵다고 등한시할 수 없는 영원한 삶의 과제. ‘사람’. 외로움과 상처와 같이 사람으로부터 오는 결핍들을 치유하고, 나의 사람 관계를 돈독히 꾸려나갈 수 있는 그림을 담았습니다."
슬픔,한 번쯤 나의 모습을 돌아보게 해주는 그림,조르주 로슈그로스,꽃밭의 기사,https://ncc-phinf.pstatic.net/20140417_258/1397720618487dvAOz_JPEG/00-%287%29.jpg?type=w646,Relationship,부드러운 사람 관계를 원한다면,"사랑하고 또 동시에 미워하게도 되는 존재, 어렵다고 등한시할 수 없는 영원한 삶의 과제. ‘사람’. 외로움과 상처와 같이 사람으로부터 오는 결핍들을 치유하고, 나의 사람 관계를 돈독히 꾸려나갈 수 있는 그림을 담았습니다."
슬픔,나 혼자만이 갖는 시간의 비밀,정선,인왕제색도,https://dbscthumb-phinf.pstatic.net/2765_000_58/20181024060510452_3D1VUYSKD.jpg/5810378.jpg?type=m4500_4500_fst&wm=N,Relationship,부드러운 사람 관계를 원한다면,"사랑하고 또 동시에 미워하게도 되는 존재, 어렵다고 등한시할 수 없는 영원한 삶의 과제. ‘사람’. 외로움과 상처와 같이 사람으로부터 오는 결핍들을 치유하고, 나의 사람 관계를 돈독히 꾸려나갈 수 있는 그림을 담았습니다."
슬픔,주변 사람에 대한 새로운 시각을 갖게 하다,장 오귀스트 도미니크 앵그르,황제 권좌에 앉은 나폴레옹,https://dbscthumb-phinf.pstatic.net/3329_000_1/20140912055211727_UN5NOR9YX.jpg/06-501469.jpg?type=m2000_2000_fst_n&wm=Y,Relationship,부드러운 사람 관계를 원한다면,"사랑하고 또 동시에 미워하게도 되는 존재, 어렵다고 등한시할 수 없는 영원한 삶의 과제. ‘사람’. 외로움과 상처와 같이 사람으로부터 오는 결핍들을 치유하고, 나의 사람 관계를 돈독히 꾸려나갈 수 있는 그림을 담았습니다."
슬픔,어른이 되면서 주변에 사람이 줄어든 이들,오귀스트 르누아르,물랭 드 라 갈레트의 무도회,https://ncc-phinf.pstatic.net/20140325_177/1395707753536pYw6T_JPEG/Untitled-1.jpg?type=w646,Relationship,부드러운 사람 관계를 원한다면,"사랑하고 또 동시에 미워하게도 되는 존재, 어렵다고 등한시할 수 없는 영원한 삶의 과제. ‘사람’. 외로움과 상처와 같이 사람으로부터 오는 결핍들을 치유하고, 나의 사람 관계를 돈독히 꾸려나갈 수 있는 그림을 담았습니다."
슬픔,자신도 모르게 느끼는 일상의 관계들,디에고 벨라스케스,시녀들,https://dbscthumb-phinf.pstatic.net/3329_000_2/20140914201213772_TL0E0CH1I.jpg/BAL_405.jpg?type=m2000_2000_fst_n&wm=Y,Relationship,부드러운 사람 관계를 원한다면,"사랑하고 또 동시에 미워하게도 되는 존재, 어렵다고 등한시할 수 없는 영원한 삶의 과제. ‘사람’. 외로움과 상처와 같이 사람으로부터 오는 결핍들을 치유하고, 나의 사람 관계를 돈독히 꾸려나갈 수 있는 그림을 담았습니다."
슬픔,사람에게 실망할 때,클로드 모네,임종을 맞은 카미유,https://dbscthumb-phinf.pstatic.net/3329_000_1/20140911211435321_FXDHGGA0T.jpg/01-010623.jpg?type=m2000_2000_fst_n&wm=Y,Relationship,부드러운 사람 관계를 원한다면,"사랑하고 또 동시에 미워하게도 되는 존재, 어렵다고 등한시할 수 없는 영원한 삶의 과제. ‘사람’. 외로움과 상처와 같이 사람으로부터 오는 결핍들을 치유하고, 나의 사람 관계를 돈독히 꾸려나갈 수 있는 그림을 담았습니다."
슬픔,질투로 인한 영혼의 괴로움,전기,매화초옥도,https://dbscthumb-phinf.pstatic.net/3329_000_93/20141110125955680_L99JEQ0US.jpg/2011021818461021.jpg?type=m2000_2000_fst&wm=N,Relationship,부드러운 사람 관계를 원한다면,"사랑하고 또 동시에 미워하게도 되는 존재, 어렵다고 등한시할 수 없는 영원한 삶의 과제. ‘사람’. 외로움과 상처와 같이 사람으로부터 오는 결핍들을 치유하고, 나의 사람 관계를 돈독히 꾸려나갈 수 있는 그림을 담았습니다."
슬픔,미워하는 사람이 있을 때,에드바르트 뭉크,태양,https://dbscthumb-phinf.pstatic.net/3329_000_55/20141004231530017_3K7GJOJQR.jpg/The+Sun_1.jpg?type=m2000_2000_fst&wm=N,Relationship,부드러운 사람 관계를 원한다면,"사랑하고 또 동시에 미워하게도 되는 존재, 어렵다고 등한시할 수 없는 영원한 삶의 과제. ‘사람’. 외로움과 상처와 같이 사람으로부터 오는 결핍들을 치유하고, 나의 사람 관계를 돈독히 꾸려나갈 수 있는 그림을 담았습니다."
슬픔,업무 현장에서 다 함께 보면 좋은 그림,크리스티안 롤프스,블루 마운틴,https://upload.wikimedia.org/wikipedia/commons/3/31/Christian_Rohlfs_-_Abstraction_%28the_Blue_Mountain%29_-_Google_Art_Project.jpg,Relationship,부드러운 사람 관계를 원한다면,"사랑하고 또 동시에 미워하게도 되는 존재, 어렵다고 등한시할 수 없는 영원한 삶의 과제. ‘사람’. 외로움과 상처와 같이 사람으로부터 오는 결핍들을 치유하고, 나의 사람 관계를 돈독히 꾸려나갈 수 있는 그림을 담았습니다."
슬픔,사랑의 설렘을 느끼고 싶다면,로렌스 알마 타데마,더 묻지 마세요,https://dbscthumb-phinf.pstatic.net/3329_000_4/20140914203348833_RM4108UUP.jpg/BAL_15116.jpg?type=m4500_4500_fst&wm=N,Relationship,부드러운 사람 관계를 원한다면,"사랑하고 또 동시에 미워하게도 되는 존재, 어렵다고 등한시할 수 없는 영원한 삶의 과제. ‘사람’. 외로움과 상처와 같이 사람으로부터 오는 결핍들을 치유하고, 나의 사람 관계를 돈독히 꾸려나갈 수 있는 그림을 담았습니다."
슬픔,휴식이 되어줄 수 있는 관계,마커스 스톤,훔친 키스,https://m1.daumcdn.net/cfile295/image/241BE14A551A14641BEFF7,Relationship,부드러운 사람 관계를 원한다면,"사랑하고 또 동시에 미워하게도 되는 존재, 어렵다고 등한시할 수 없는 영원한 삶의 과제. ‘사람’. 외로움과 상처와 같이 사람으로부터 오는 결핍들을 치유하고, 나의 사람 관계를 돈독히 꾸려나갈 수 있는 그림을 담았습니다."
슬픔,순간순간 스트레스를 주는 상대가 있는 사람들,폴 세뤼지에,브르타뉴의 싸움,https://dbscthumb-phinf.pstatic.net/3329_000_109/20141115041912021_LFM6GGM28.jpg/2011041912175438.jpg?type=m2000_2000_fst_n&wm=Y,Relationship,부드러운 사람 관계를 원한다면,"사랑하고 또 동시에 미워하게도 되는 존재, 어렵다고 등한시할 수 없는 영원한 삶의 과제. ‘사람’. 외로움과 상처와 같이 사람으로부터 오는 결핍들을 치유하고, 나의 사람 관계를 돈독히 꾸려나갈 수 있는 그림을 담았습니다."
불안,행복하면 핑크를 빼놓을 수 없습니다.,장 오노레 프라고나르,그네,https://ncc-phinf.pstatic.net/20140421_153/1398065603100kYVkh_JPEG/1-1.jpg?type=w646,Money,"돈, 인생의 가장 긴밀한 친구가 되다","돈의 힘은 일의 결과를 좌우하고 사람의 처지를 변화시킵니다. 이런 돈을 적이나 주인으로 삼기보다, 적절한 동반자로 삼는 마인드가 중요할 것입니다. 떼려야 뗄 수 없는 돈과의 관계를 긍정적으로 재설정할 수 있는 그림을 실었습니다."
불안,돈을 버는 것이 행복하려면,히에로니무스 보슈,죽음과 구두쇠,https://img.wikioo.org/ADC/Art-ImgScreen-1.nsf/O/A-9GZMAH/$FILE/Hieronymus-bosch-death-and-the-miser.Jpg,Money,"돈, 인생의 가장 긴밀한 친구가 되다","돈의 힘은 일의 결과를 좌우하고 사람의 처지를 변화시킵니다. 이런 돈을 적이나 주인으로 삼기보다, 적절한 동반자로 삼는 마인드가 중요할 것입니다. 떼려야 뗄 수 없는 돈과의 관계를 긍정적으로 재설정할 수 있는 그림을 실었습니다."
불안,나도 부자가 되어 사람들에게 나누어 주고 싶다,그랜마 모지스,퀼팅 비,https://t1.daumcdn.net/cfile/blog/1817DB264C809E880B?original,Money,"돈, 인생의 가장 긴밀한 친구가 되다","돈의 힘은 일의 결과를 좌우하고 사람의 처지를 변화시킵니다. 이런 돈을 적이나 주인으로 삼기보다, 적절한 동반자로 삼는 마인드가 중요할 것입니다. 떼려야 뗄 수 없는 돈과의 관계를 긍정적으로 재설정할 수 있는 그림을 실었습니다."
불안,"세상 모든 것을 다 가진, 최상의 황홀",구스타프 클림트,꽃이 있는 농장 정원,https://mblogthumb-phinf.pstatic.net/20150310_170/fresh0518_1425990916192R2FIg_JPEG/Screenshot_2015-02-27-23-34-29_edit.jpg?type=w800,Money,"돈, 인생의 가장 긴밀한 친구가 되다","돈의 힘은 일의 결과를 좌우하고 사람의 처지를 변화시킵니다. 이런 돈을 적이나 주인으로 삼기보다, 적절한 동반자로 삼는 마인드가 중요할 것입니다. 떼려야 뗄 수 없는 돈과의 관계를 긍정적으로 재설정할 수 있는 그림을 실었습니다."
불안,꿈이 시작되는 기쁨에 전염되다,애벗 그레이브스,종잣돈,https://blog.kakaocdn.net/dn/Ikc3i/btqu37i815g/bL34k98aWhyh68db6hWoK1/img.png,Money,"돈, 인생의 가장 긴밀한 친구가 되다","돈의 힘은 일의 결과를 좌우하고 사람의 처지를 변화시킵니다. 이런 돈을 적이나 주인으로 삼기보다, 적절한 동반자로 삼는 마인드가 중요할 것입니다. 떼려야 뗄 수 없는 돈과의 관계를 긍정적으로 재설정할 수 있는 그림을 실었습니다."
불안,내 스스로에게 주는 휴식,윌리엄 터너,전함 테메레르,https://dbscthumb-phinf.pstatic.net/1847_000_1/20120111110838497_3LNR57O9V.jpg/ed2_405_i1.jpg?type=m4500_4500_fst&wm=N,Money,"돈, 인생의 가장 긴밀한 친구가 되다","돈의 힘은 일의 결과를 좌우하고 사람의 처지를 변화시킵니다. 이런 돈을 적이나 주인으로 삼기보다, 적절한 동반자로 삼는 마인드가 중요할 것입니다. 떼려야 뗄 수 없는 돈과의 관계를 긍정적으로 재설정할 수 있는 그림을 실었습니다."
불안,유명 스타를 꿈꾸다,에드가 드가,스타,https://cdn.migg.kr/news/photo/202011/1_47970_38710_191.jpg,Money,"돈, 인생의 가장 긴밀한 친구가 되다","돈의 힘은 일의 결과를 좌우하고 사람의 처지를 변화시킵니다. 이런 돈을 적이나 주인으로 삼기보다, 적절한 동반자로 삼는 마인드가 중요할 것입니다. 떼려야 뗄 수 없는 돈과의 관계를 긍정적으로 재설정할 수 있는 그림을 실었습니다."
불안,그저 마음 편안해지는 그림,장 프랑수아 밀레,봄,https://t1.daumcdn.net/cfile/blog/2317E74558E2F8E22F?original,Money,"돈, 인생의 가장 긴밀한 친구가 되다","돈의 힘은 일의 결과를 좌우하고 사람의 처지를 변화시킵니다. 이런 돈을 적이나 주인으로 삼기보다, 적절한 동반자로 삼는 마인드가 중요할 것입니다. 떼려야 뗄 수 없는 돈과의 관계를 긍정적으로 재설정할 수 있는 그림을 실었습니다."
불안,돈보다 중요한 그 무엇,프랑수아 제라르,큐피드와 프시케,https://cdn.artenews.co.kr/news/photo/202204/1397_2193_4325.jpg,Money,"돈, 인생의 가장 긴밀한 친구가 되다","돈의 힘은 일의 결과를 좌우하고 사람의 처지를 변화시킵니다. 이런 돈을 적이나 주인으로 삼기보다, 적절한 동반자로 삼는 마인드가 중요할 것입니다. 떼려야 뗄 수 없는 돈과의 관계를 긍정적으로 재설정할 수 있는 그림을 실었습니다."
불안,힘든 일도 힘들게 느껴지지 않는 비밀,빈센트 반 고흐,수확하는 농부,https://mblogthumb-phinf.pstatic.net/MjAxODExMzBfMjQ3/MDAxNTQzNTYxOTc5MDk5.cFZacSJtJPvLpQHWh7GP1aEljsqYYXbdbkThOJc0MxUg.SeQJtuRerWBaZGZp7yITX8r83CF43JYnnJcQ5pYf5osg.JPEG.k-mjeong/wheat-field-with-reaper-and-sun-1889_jpgLarge.jpg?type=w800,Money,"돈, 인생의 가장 긴밀한 친구가 되다","돈의 힘은 일의 결과를 좌우하고 사람의 처지를 변화시킵니다. 이런 돈을 적이나 주인으로 삼기보다, 적절한 동반자로 삼는 마인드가 중요할 것입니다. 떼려야 뗄 수 없는 돈과의 관계를 긍정적으로 재설정할 수 있는 그림을 실었습니다."
불안,그림으로 파악해보는 나의 현실,에드바르트 뭉크,생의 춤,https://post-phinf.pstatic.net/MjAxOTAyMTNfMTcg/MDAxNTUwMDQ4MjYzMTI4.pROA1o7Bb-Ulxwaky2CWiyWALeriOSU38hRt8p15y_og.U1sVhJXRzE601Y2IbvNOTGJ1J1BKBcYSAvhLvCEQdacg.JPEG/%EC%83%9D%EB%AA%85%EC%9D%98%EC%B6%A4.jpg?type=w1200,Money,"돈, 인생의 가장 긴밀한 친구가 되다","돈의 힘은 일의 결과를 좌우하고 사람의 처지를 변화시킵니다. 이런 돈을 적이나 주인으로 삼기보다, 적절한 동반자로 삼는 마인드가 중요할 것입니다. 떼려야 뗄 수 없는 돈과의 관계를 긍정적으로 재설정할 수 있는 그림을 실었습니다."
불안,돈에 대한 부담을 가볍게 하다,미켈란젤로 메리시 다 카라바조,속임수를 쓰는 사람,https://t1.daumcdn.net/cfile/tistory/221A0C4F570F22292F,Money,"돈, 인생의 가장 긴밀한 친구가 되다","돈의 힘은 일의 결과를 좌우하고 사람의 처지를 변화시킵니다. 이런 돈을 적이나 주인으로 삼기보다, 적절한 동반자로 삼는 마인드가 중요할 것입니다. 떼려야 뗄 수 없는 돈과의 관계를 긍정적으로 재설정할 수 있는 그림을 실었습니다."
불안,"돈 버는 일 중에, 힘들지 않은 일은 없을까 ",디에고 리베라,꽃 노점상,https://img1.daumcdn.net/thumb/R1280x0/?fname=http://t1.daumcdn.net/brunch/service/user/Iye/image/00dcHHlbK6IW0EyYsofdm2qfrfg.jpg,Money,"돈, 인생의 가장 긴밀한 친구가 되다","돈의 힘은 일의 결과를 좌우하고 사람의 처지를 변화시킵니다. 이런 돈을 적이나 주인으로 삼기보다, 적절한 동반자로 삼는 마인드가 중요할 것입니다. 떼려야 뗄 수 없는 돈과의 관계를 긍정적으로 재설정할 수 있는 그림을 실었습니다."
불안,미래에 우리가 살고 있는 풍경,클로드 모네,아르장퇴유의 뱃놀이,https://farm1.static.flickr.com/138/340202945_c6b14e6d6a_o.jpg,Money,"돈, 인생의 가장 긴밀한 친구가 되다","돈의 힘은 일의 결과를 좌우하고 사람의 처지를 변화시킵니다. 이런 돈을 적이나 주인으로 삼기보다, 적절한 동반자로 삼는 마인드가 중요할 것입니다. 떼려야 뗄 수 없는 돈과의 관계를 긍정적으로 재설정할 수 있는 그림을 실었습니다."
불안,가장의 짐을 내려놓다,암리타 쉐어 길,옛이야기꾼,https://mblogthumb-phinf.pstatic.net/MjAxODAyMDNfMTU5/MDAxNTE3NTg1NzIzODUw.ppaqZ39mYhseKbzW8fA8Hf0EYotaZssaeLkQ0GVqmy8g.gcU-eo0SV3jAMhe-2I2PvjF8ujZDjXkrY8dISSohrdsg.JPEG.jrkimceo/ancient-storyteller-1940.jpg?type=w800,Money,"돈, 인생의 가장 긴밀한 친구가 되다","돈의 힘은 일의 결과를 좌우하고 사람의 처지를 변화시킵니다. 이런 돈을 적이나 주인으로 삼기보다, 적절한 동반자로 삼는 마인드가 중요할 것입니다. 떼려야 뗄 수 없는 돈과의 관계를 긍정적으로 재설정할 수 있는 그림을 실었습니다."
당황,나는 어떤 기대를 가지고 살아 갈까,로렌스 알마 타데마,기대,http://image.yes24.com/blogimage/blog/s/k/sky1346/P9mg30Im.jpg,Time,시간에 대한 긍정으로,"과거의 기억에 따른 아픔, 현재에 대한 불만, 미래에 대한 두려움을 누구나 한 번쯤 겪듯이, 우리는 시간과 싸우고 화해하며 그렇게 매일을 살아갑니다. 이 파트는 나를 둘러싼 시간의 흐름을 자연스럽고 편안히 마주할 수 있게 만들어줄 그림입니다."
당황,바빠서 너무 정신이 없을 때,프레데릭 레이턴,타오르는 6월,http://blogs.chosun.com/aram1214/wp-content/uploads/sites/7/2015/06/Flaming_June_by_Frederic_Lord_Leighton_1830-1896.jpg,Time,시간에 대한 긍정으로,"과거의 기억에 따른 아픔, 현재에 대한 불만, 미래에 대한 두려움을 누구나 한 번쯤 겪듯이, 우리는 시간과 싸우고 화해하며 그렇게 매일을 살아갑니다. 이 파트는 나를 둘러싼 시간의 흐름을 자연스럽고 편안히 마주할 수 있게 만들어줄 그림입니다."
당황,미래의 희망으로 나를 채우다,파울 클레,세네치오,https://www.ulsanpress.net/news/photo/201803/306111_109027_335.jpg,Time,시간에 대한 긍정으로,"과거의 기억에 따른 아픔, 현재에 대한 불만, 미래에 대한 두려움을 누구나 한 번쯤 겪듯이, 우리는 시간과 싸우고 화해하며 그렇게 매일을 살아갑니다. 이 파트는 나를 둘러싼 시간의 흐름을 자연스럽고 편안히 마주할 수 있게 만들어줄 그림입니다."
당황,마음 편한 퇴근 시간처럼,허버트 바담,나이트 버스,https://mblogthumb-phinf.pstatic.net/MjAyMDA1MjFfNDUg/MDAxNTkwMDU3ODc2NDQ3.pzX2imHYQgCnSzDV0mY4rXrfjcgBtJN3TX17XokawAwg.cR9ENnffUAEz-f80ddQYsCY65RzAC_1t3XVTZPOvJagg.PNG.csulki/image.png?type=w800,Time,시간에 대한 긍정으로,"과거의 기억에 따른 아픔, 현재에 대한 불만, 미래에 대한 두려움을 누구나 한 번쯤 겪듯이, 우리는 시간과 싸우고 화해하며 그렇게 매일을 살아갑니다. 이 파트는 나를 둘러싼 시간의 흐름을 자연스럽고 편안히 마주할 수 있게 만들어줄 그림입니다."
당황,과거에 사로잡힌 당신에게,클로드 모네,루앙 대성당,https://mblogthumb-phinf.pstatic.net/MjAxNzA5MDdfMjY5/MDAxNTA0Nzg2NzY1MDU5.wXZ2Ky68MUSfjLx71NbCN8xug8pQnziXFgs3PWPSYvYg.ocfLqK3S7jpvc6ho69DJqK6m-9vz7Ca83l76L5-0WRMg.JPEG.armada0219/IMG_20170804_204305.jpg?type=w800,Time,시간에 대한 긍정으로,"과거의 기억에 따른 아픔, 현재에 대한 불만, 미래에 대한 두려움을 누구나 한 번쯤 겪듯이, 우리는 시간과 싸우고 화해하며 그렇게 매일을 살아갑니다. 이 파트는 나를 둘러싼 시간의 흐름을 자연스럽고 편안히 마주할 수 있게 만들어줄 그림입니다."
당황,객관적으로 보게 되는 나의 문제들,카스파르 프리드리히,안개 낀 바다 위의 방랑자,http://www.safetimes.co.kr/news/photo/202010/87676_66013_230.jpg,Time,시간에 대한 긍정으로,"과거의 기억에 따른 아픔, 현재에 대한 불만, 미래에 대한 두려움을 누구나 한 번쯤 겪듯이, 우리는 시간과 싸우고 화해하며 그렇게 매일을 살아갑니다. 이 파트는 나를 둘러싼 시간의 흐름을 자연스럽고 편안히 마주할 수 있게 만들어줄 그림입니다."
당황,지금의 나를 벗어나고 싶다면,프리다 칼로,머리카락을 자른 자화상,https://www.artinsight.co.kr/data/tmp/1902/f21f71b93c689bdc9cd7a030a9538969_wIGraf3q.png,Time,시간에 대한 긍정으로,"과거의 기억에 따른 아픔, 현재에 대한 불만, 미래에 대한 두려움을 누구나 한 번쯤 겪듯이, 우리는 시간과 싸우고 화해하며 그렇게 매일을 살아갑니다. 이 파트는 나를 둘러싼 시간의 흐름을 자연스럽고 편안히 마주할 수 있게 만들어줄 그림입니다."
당황,세 여인이 가르쳐준 인생의 단계,구스타프 클림트,여인의 세 단계,https://mblogthumb-phinf.pstatic.net/20150226_62/kwwoolim_1424934220355ppElz_JPEG/B752E1.JPG?type=w2,Time,시간에 대한 긍정으로,"과거의 기억에 따른 아픔, 현재에 대한 불만, 미래에 대한 두려움을 누구나 한 번쯤 겪듯이, 우리는 시간과 싸우고 화해하며 그렇게 매일을 살아갑니다. 이 파트는 나를 둘러싼 시간의 흐름을 자연스럽고 편안히 마주할 수 있게 만들어줄 그림입니다."
당황,미래에 대한 불안을 걷어내려면,피터르 브뤼헐,이카루스의 추락이 있는 풍경,https://image.edaily.co.kr/images/Photo/files/NP/S/2022/01/PS22010800002.jpg,Time,시간에 대한 긍정으로,"과거의 기억에 따른 아픔, 현재에 대한 불만, 미래에 대한 두려움을 누구나 한 번쯤 겪듯이, 우리는 시간과 싸우고 화해하며 그렇게 매일을 살아갑니다. 이 파트는 나를 둘러싼 시간의 흐름을 자연스럽고 편안히 마주할 수 있게 만들어줄 그림입니다."
당황,한 번쯤 죽음을 생각해보는 순간,폴 고갱,"우리는 어디서 왔는가,",https://upload.wikimedia.org/wikipedia/commons/thumb/e/e5/Paul_Gauguin_-_D%27ou_venons-nous.jpg/1000px-Paul_Gauguin_-_D%27ou_venons-nous.jpg,Time,시간에 대한 긍정으로,"과거의 기억에 따른 아픔, 현재에 대한 불만, 미래에 대한 두려움을 누구나 한 번쯤 겪듯이, 우리는 시간과 싸우고 화해하며 그렇게 매일을 살아갑니다. 이 파트는 나를 둘러싼 시간의 흐름을 자연스럽고 편안히 마주할 수 있게 만들어줄 그림입니다."
당황,성실함이 주는 삶의 교훈,랭부르 형제,"베리공의 매우 호화로운 기도서(6월,2월)",https://blog.kakaocdn.net/dn/brQuHB/btquxt0gUg2/By78ahJEqaUglkmKnn8Zc0/img.png,Time,시간에 대한 긍정으로,"과거의 기억에 따른 아픔, 현재에 대한 불만, 미래에 대한 두려움을 누구나 한 번쯤 겪듯이, 우리는 시간과 싸우고 화해하며 그렇게 매일을 살아갑니다. 이 파트는 나를 둘러싼 시간의 흐름을 자연스럽고 편안히 마주할 수 있게 만들어줄 그림입니다."
당황,시간이 멈춰버린 세상,알베르트 비어슈타트,하구에서,https://nimage.g-enews.com/phpwas/restmb_allidxmake.php?idx=5&simg=202011060813340704818b82620a2617354233.jpg,Time,시간에 대한 긍정으로,"과거의 기억에 따른 아픔, 현재에 대한 불만, 미래에 대한 두려움을 누구나 한 번쯤 겪듯이, 우리는 시간과 싸우고 화해하며 그렇게 매일을 살아갑니다. 이 파트는 나를 둘러싼 시간의 흐름을 자연스럽고 편안히 마주할 수 있게 만들어줄 그림입니다."
당황,지금 이 시간에 충실하라,조르주 쇠라,임종을 맞이하는 아나이스 페브르 오몽테,https://dbscthumb-phinf.pstatic.net/3329_000_4/20140916105114597_IPMNWFLGL.jpg/90-003019.jpg?type=m2000_2000_fst_n&wm=Y,Time,시간에 대한 긍정으로,"과거의 기억에 따른 아픔, 현재에 대한 불만, 미래에 대한 두려움을 누구나 한 번쯤 겪듯이, 우리는 시간과 싸우고 화해하며 그렇게 매일을 살아갑니다. 이 파트는 나를 둘러싼 시간의 흐름을 자연스럽고 편안히 마주할 수 있게 만들어줄 그림입니다."
당황,휴식이 필요한 순간은?,모리츠 폰 슈빈트,아침시간,https://dthumb-phinf.pstatic.net/?src=%22https%3A%2F%2Fdbscthumb-phinf.pstatic.net%2F0896_000_1%2F20120111110927288_VHCOA8M1A.jpg%2Fed2_439_i1.jpg%3Ftype%3Dw690_1%26wm%3DN%22&twidth=647&theight=530&opts=17,Time,시간에 대한 긍정으로,"과거의 기억에 따른 아픔, 현재에 대한 불만, 미래에 대한 두려움을 누구나 한 번쯤 겪듯이, 우리는 시간과 싸우고 화해하며 그렇게 매일을 살아갑니다. 이 파트는 나를 둘러싼 시간의 흐름을 자연스럽고 편안히 마주할 수 있게 만들어줄 그림입니다."
당황,늙는다는 것에 대하여,주세페 아르침볼도,봄 여름 가을 겨울,https://obj-kr.thewiki.kr/data/eca3bcec84b8ed8e9820ec9584eba5b4ecb9a8ebb3bceb8f842e34eab384eca0882e6a7067.jpg,Time,시간에 대한 긍정으로,"과거의 기억에 따른 아픔, 현재에 대한 불만, 미래에 대한 두려움을 누구나 한 번쯤 겪듯이, 우리는 시간과 싸우고 화해하며 그렇게 매일을 살아갑니다. 이 파트는 나를 둘러싼 시간의 흐름을 자연스럽고 편안히 마주할 수 있게 만들어줄 그림입니다."
상처,울음은 영혼이 회복되는 첫걸음,조지 클로젠,울고 있는 젊은이,https://www.artinsight.co.kr/data/tmp/1912/20191209183256_xqmfmkwv.jpg,Myself ,내 고유의 리듬을 되찾고 싶다면,"진짜 내 마음을 들여다본 적이 있나요? 때론 나조차도 제대로 살피지 않은 나를 보살펴주는 그림들이 있습니다. 나만의 리듬과 스스로에 대한 사랑을 발견하게 해주는 이 그림들의 힘으로, 스트레스 받았던 일상이 문득 빛나기 시작할 것입니다."
상처,깊은 상처를 가지고 있는 사람들을 위하여,아르테미시아 젠틸레스키,류트를 든 자화상,https://dbscthumb-phinf.pstatic.net/1873_000_1/20120402171125302_39YFCFSRH.jpg/ed9_78_i1.jpg?type=m4500_4500_fst&wm=N,Myself ,내 고유의 리듬을 되찾고 싶다면,"진짜 내 마음을 들여다본 적이 있나요? 때론 나조차도 제대로 살피지 않은 나를 보살펴주는 그림들이 있습니다. 나만의 리듬과 스스로에 대한 사랑을 발견하게 해주는 이 그림들의 힘으로, 스트레스 받았던 일상이 문득 빛나기 시작할 것입니다."
상처,나는 어떤 사람인가,미켈란젤로 메리시 다 카라바조,나르키소스,https://upload.wikimedia.org/wikipedia/commons/thumb/d/de/Michelangelo_Caravaggio_065.jpg/494px-Michelangelo_Caravaggio_065.jpg?20050519053143,Myself ,내 고유의 리듬을 되찾고 싶다면,"진짜 내 마음을 들여다본 적이 있나요? 때론 나조차도 제대로 살피지 않은 나를 보살펴주는 그림들이 있습니다. 나만의 리듬과 스스로에 대한 사랑을 발견하게 해주는 이 그림들의 힘으로, 스트레스 받았던 일상이 문득 빛나기 시작할 것입니다."
상처,모든 책임은 우주에 있다,카스파르 프리드리히,해변의 암초,https://dbscthumb-phinf.pstatic.net/3329_000_9/20170309050018731_CBS64IFBU.jpg/9750504_i1.jpg?type=m2000_2000_fst&wm=N,Myself ,내 고유의 리듬을 되찾고 싶다면,"진짜 내 마음을 들여다본 적이 있나요? 때론 나조차도 제대로 살피지 않은 나를 보살펴주는 그림들이 있습니다. 나만의 리듬과 스스로에 대한 사랑을 발견하게 해주는 이 그림들의 힘으로, 스트레스 받았던 일상이 문득 빛나기 시작할 것입니다."
상처,침체된 몸에 생기를 선물하라,파울 클레,노란 새가 있는 풍경,https://dbscthumb-phinf.pstatic.net/4751_000_2/20170517204642938_MFPUQA7Q6.jpg/230_81882_133345.jpg?type=w492_fst&wm=N,Myself ,내 고유의 리듬을 되찾고 싶다면,"진짜 내 마음을 들여다본 적이 있나요? 때론 나조차도 제대로 살피지 않은 나를 보살펴주는 그림들이 있습니다. 나만의 리듬과 스스로에 대한 사랑을 발견하게 해주는 이 그림들의 힘으로, 스트레스 받았던 일상이 문득 빛나기 시작할 것입니다."
상처,불안해하는 청춘들에게,로버트 리드,섬머 걸,https://mblogthumb-phinf.pstatic.net/MjAxNzA2MTNfMjc2/MDAxNDk3MzQyNDU5NzY2.UwKJIIZJyWpe1LjUHhuAYYU_s92Gpa6okNsdfa01OHEg.Kia0N8kvSQWQls-gPPGfqPRSiWahId1x8gXV6_cxDe0g.JPEG.2163213/image_2182219081497342412541.jpg?type=w800,Myself ,내 고유의 리듬을 되찾고 싶다면,"진짜 내 마음을 들여다본 적이 있나요? 때론 나조차도 제대로 살피지 않은 나를 보살펴주는 그림들이 있습니다. 나만의 리듬과 스스로에 대한 사랑을 발견하게 해주는 이 그림들의 힘으로, 스트레스 받았던 일상이 문득 빛나기 시작할 것입니다."
상처,나에게 가장 스트레스를 주는 사람은?,윤두서,자화상,https://upload.wikimedia.org/wikipedia/commons/thumb/a/a7/Yun_Du-seo.jpg/320px-Yun_Du-seo.jpg,Myself ,내 고유의 리듬을 되찾고 싶다면,"진짜 내 마음을 들여다본 적이 있나요? 때론 나조차도 제대로 살피지 않은 나를 보살펴주는 그림들이 있습니다. 나만의 리듬과 스스로에 대한 사랑을 발견하게 해주는 이 그림들의 힘으로, 스트레스 받았던 일상이 문득 빛나기 시작할 것입니다."
상처,내 안에서 두 가지 마음이 싸운다면,앙리 마티스,마음,http://www.greencurator.co.kr/data/item/GC17-A502-HM19MOT/GC17A502HM19MOT.jpg,Myself ,내 고유의 리듬을 되찾고 싶다면,"진짜 내 마음을 들여다본 적이 있나요? 때론 나조차도 제대로 살피지 않은 나를 보살펴주는 그림들이 있습니다. 나만의 리듬과 스스로에 대한 사랑을 발견하게 해주는 이 그림들의 힘으로, 스트레스 받았던 일상이 문득 빛나기 시작할 것입니다."
상처,자신감이 부족할 때 보면 좋은 그림,앙리 마티스,이카루스,https://img1.daumcdn.net/thumb/R1280x0.fjpg/?fname=http://t1.daumcdn.net/brunch/service/user/az11/image/qzeRjtCHQYJE-E4Pij20mEGW900.jpg,Myself ,내 고유의 리듬을 되찾고 싶다면,"진짜 내 마음을 들여다본 적이 있나요? 때론 나조차도 제대로 살피지 않은 나를 보살펴주는 그림들이 있습니다. 나만의 리듬과 스스로에 대한 사랑을 발견하게 해주는 이 그림들의 힘으로, 스트레스 받았던 일상이 문득 빛나기 시작할 것입니다."
상처,자유로움을 갈망하다,바실리 칸딘스키,푸른 하늘,https://news.imaeil.com/photos/2019/02/11/2019021116155675057_l.jpg,Myself ,내 고유의 리듬을 되찾고 싶다면,"진짜 내 마음을 들여다본 적이 있나요? 때론 나조차도 제대로 살피지 않은 나를 보살펴주는 그림들이 있습니다. 나만의 리듬과 스스로에 대한 사랑을 발견하게 해주는 이 그림들의 힘으로, 스트레스 받았던 일상이 문득 빛나기 시작할 것입니다."
상처,있는 그대로의 나,클로드 모네,우리집 뜰의 카미유와 아이,https://post-phinf.pstatic.net/MjAxNzA3MjRfMTY2/MDAxNTAwODYyNzI5MjQ2.-6BLcLaBMG4K9vHH26PJS0L7lBV6E5I2Ng_LaQ6Fwugg.hdpb0sNQaPbJFABzOeQ0ikBP7Ljui9jvPF5G7AS1cBkg.JPEG/image_5975837071500862714555.jpg?type=w1200,Myself ,내 고유의 리듬을 되찾고 싶다면,"진짜 내 마음을 들여다본 적이 있나요? 때론 나조차도 제대로 살피지 않은 나를 보살펴주는 그림들이 있습니다. 나만의 리듬과 스스로에 대한 사랑을 발견하게 해주는 이 그림들의 힘으로, 스트레스 받았던 일상이 문득 빛나기 시작할 것입니다."
상처,근육의 긴장이 풀리고 편안해지다,구스타브 카유보트,낮잠,https://mblogthumb-phinf.pstatic.net/20150820_196/choe0ho_1440026573350tiMvB_JPEG/NaverBlog_20150820_082252_01.jpg?type=w800,Myself ,내 고유의 리듬을 되찾고 싶다면,"진짜 내 마음을 들여다본 적이 있나요? 때론 나조차도 제대로 살피지 않은 나를 보살펴주는 그림들이 있습니다. 나만의 리듬과 스스로에 대한 사랑을 발견하게 해주는 이 그림들의 힘으로, 스트레스 받았던 일상이 문득 빛나기 시작할 것입니다."
상처,풀어진 나를 팽팽하게 당겨주는 그림,디에고 리베라,디트로이프 산업 벽화,https://mblogthumb-phinf.pstatic.net/20140507_74/goldsunriver_1399466912830ErYc1_JPEG/Detroit-Industry-north-wall.jpg?type=w2,Myself ,내 고유의 리듬을 되찾고 싶다면,"진짜 내 마음을 들여다본 적이 있나요? 때론 나조차도 제대로 살피지 않은 나를 보살펴주는 그림들이 있습니다. 나만의 리듬과 스스로에 대한 사랑을 발견하게 해주는 이 그림들의 힘으로, 스트레스 받았던 일상이 문득 빛나기 시작할 것입니다."
상처,화를 푸는 방법,잭슨 폴락,가을의 리듬 : 넘버 30,https://collectionapi.metmuseum.org/api/collection/v1/iiif/488978/1012539/restricted,Myself ,내 고유의 리듬을 되찾고 싶다면,"진짜 내 마음을 들여다본 적이 있나요? 때론 나조차도 제대로 살피지 않은 나를 보살펴주는 그림들이 있습니다. 나만의 리듬과 스스로에 대한 사랑을 발견하게 해주는 이 그림들의 힘으로, 스트레스 받았던 일상이 문득 빛나기 시작할 것입니다."
상처,생각을 바꾸면 보이는 나만의 개성,베르트 모리조,로리앙 항구,https://img.seoul.co.kr/img/upload/2018/10/02/SSI_20181002163635_O2.jpg,Myself ,내 고유의 리듬을 되찾고 싶다면,"진짜 내 마음을 들여다본 적이 있나요? 때론 나조차도 제대로 살피지 않은 나를 보살펴주는 그림들이 있습니다. 나만의 리듬과 스스로에 대한 사랑을 발견하게 해주는 이 그림들의 힘으로, 스트레스 받았던 일상이 문득 빛나기 시작할 것입니다."
상처,나를 최고로 만드는 그림의 힘,디에고 벨라스케스,비너스의 단장,https://dbscthumb-phinf.pstatic.net/3329_000_89/20141110024025871_IG5GSCCE0.jpg/2013041914020478.jpg?type=m2000_2000_fst&wm=N,Myself ,내 고유의 리듬을 되찾고 싶다면,"진짜 내 마음을 들여다본 적이 있나요? 때론 나조차도 제대로 살피지 않은 나를 보살펴주는 그림들이 있습니다. 나만의 리듬과 스스로에 대한 사랑을 발견하게 해주는 이 그림들의 힘으로, 스트레스 받았던 일상이 문득 빛나기 시작할 것입니다."
기쁨,하루하루의 목표를 달성한다는 것,귀스타브 쿠르베,팔라바의 바닷가,http://dknews.dankook.ac.kr/news/photo/201809/15734_3064_4849.jpg,,,
기쁨,보기만 해도 머리가 좋아지는 그림,피에트 몬드리안,"적색,회색,청색,황색,흑색이 있는 마름모꼴 콤퍼지션",https://mblogthumb-phinf.pstatic.net/20160622_91/minies4789_14665784910781Dasr_PNG/2.png?type=w2,,,
기쁨,공부 에너지를 샘솟게 하려면?,팔 시네이 메르세,양귀비가 있는 목초지,http://blog.naver.com/storyphoto/viewer.jsp?src=https%3A%2F%2Fblogfiles.pstatic.net%2FMjAyMTAxMjZfNDUg%2FMDAxNjExNjY0OTYyNjA0.Yn21XDexP9aCpvfZ8EqDvm2KxZrdVeE7VXX_BdNK6SIg.paTICGaLuKxM_6Tr9mc3-Cssq94w2_5tkp41BJsrLAQg.JPEG.cacamus%2F1896001.jpg,,,
기쁨,성공하는 사람들이 이 그림에 끌리는 이유,앙리 마티스,춤,http://blog.naver.com/storyphoto/viewer.jsp?src=https%3A%2F%2Fblogfiles.pstatic.net%2FMjAyMjAxMTRfMTMy%2FMDAxNjQyMTU1MzUyNDQz.yZUQTlmNLAZAvih58Q2xOwFs3aq1j9fGDyrmvRlD9Rcg.KAmqmlZdQo0Egr-G7Sg7uSOASo2VTJhKjPRgxe6c6OAg.PNG.iarari%2F0114-1.png,,,
기쁨,시험 스트레스가 사라지다,아우구스토 발레리니,이구아수 폭포,http://blog.naver.com/storyphoto/viewer.jsp?src=https%3A%2F%2Fblogfiles.pstatic.net%2FMjAyMTEyMTdfNjQg%2FMDAxNjM5Njk3MzA1ODc3.0pK8Ln4EiSzV4y_kqlVBunvzsrsbkI6Uk9b9bpOrkDcg.3TxR0NKaWgNJegfoCVrNXXWXmlDgY8Cq69UUV0-Bwbkg.JPEG.gozy115%2F1280px-La_cascada_del_Igu,,,
기쁨,"승부의 날, 내 모든 실력을 발휘하라",이중섭,황소,https://pds.joongang.co.kr/news/component/htmlphoto_mmdata/202107/21/f2d57a25-de13-44e1-af51-3656d58af2cb.jpg,,,
기쁨,기적의 ‘아몬드 나무’를 선물하세요,빈센트 반 고흐,꽃 피는 아몬드 나무,https://img1.daumcdn.net/thumb/R1280x0.fjpg/?fname=http://t1.daumcdn.net/brunch/service/user/9rD/image/89wFK4p6dDizn6Iy3R8Otx0sSY4,,,
기쁨,집중력을 높이는 틀린 그림 찾기,오거스터스 레오폴드 에그,여행 친구,http://img.kwangju.co.kr/upimages/gisaimg/202009/03_703328.jpg,,,
기쁨,면접에서의 순발력 있는 대처,아서 해커,위험에 빠지다,https://dimg.donga.com/wps/NEWS/IMAGE/2015/08/11/72977387.2.jpg,,,
기쁨,급 피로가 몰려올 때,팔 시네이 메르세,기구,https://mblogthumb-phinf.pstatic.net/MjAxNzAxMTBfODcg/MDAxNDg0MDMyOTUwOTQ3.vS-G5f9Je9WFSEOugZWkvMIR4HdwdH-fM9Pm47QaKVcg.EY7EDmF2fF6fAt49Jo3CCOjDQHGGIgIpjjUSvJ80e_0g.JPEG.dkseon00/05_Balloon_42x39.3_onc_1878.jpg?type=w2,,,
기쁨,Have a good!,찰스 커런 ,랜턴,https://postfiles.pstatic.net/20160731_283/ohyh45_1469966550803fxuBE_JPEG/9.jpg?type=w2,,,
기쁨,하루의 시작이 좋아진다,로버트 던칸슨,골짜기 초원,https://blogfiles.pstatic.net/MjAyMTAxMjZfODQg/MDAxNjExNjYyODI1OTYx.7HPajL5DgSYFtkLc2Dg3F6ppKcMvRWZLMAmJkva17nUg.VN-cna6Qc4-jJvsbX4OUeA4kfsiMP1Q9u0ztHYTQFjEg.JPEG.ssemi2714/SE-cb59b683-9384-4993-8900-3cb5be784362.jpg,,,
기쁨,뇌를 자극하는 흑백 효과,바실리 칸딘스키,30 Thirty,https://mblogthumb-phinf.pstatic.net/20160505_77/ohyh45_1462423569067vY06B_JPEG/12.jpg?type=w2,,,
기쁨,합격을 부르는 긍정적 자기 암시,카스파르 프리드리히,뤼겐 섬의 백악암,https://dbscthumb-phinf.pstatic.net/3329_000_89/20141110020455880_LYWY4YW3W.jpg/2011012513065592.jpg?type=m2000_2000_fst&wm=N,,,
기쁨,당신은 합격의 영광을 누릴 자격이 있습니다,막시밀리안 렌츠,세계,https://mblogthumb-phinf.pstatic.net/20150730_121/livemedia3_1438230030747Ly4nF_PNG/Screenshot_21.png?type=w2,,,
기쁨,반복되는 일상에 필요한 기분 전환,콩스탕 무아요,빌라 메디치의 화가의 방 창문을 통해 본 로마의 전경,https://dbscthumb-phinf.pstatic.net/3329_000_53/20141002015024784_TWTOYXQ6W.jpg/10-538553.jpg?type=m2000_2000_fst_n&wm=Y,,,
기쁨,어떻게 놀고 싶은 유혹을 뿌리칠까?,폴 세잔,귀스타브 제프루아,https://dbscthumb-phinf.pstatic.net/3329_000_1/20140911181959174_38VJJHHD4.jpg/00-007704.jpg?type=m2000_2000_fst_n&wm=Y,,,
기쁨,,토마스 비크,서재의 학자,http://dknews.dankook.ac.kr/news/photo/201905/16406_3958_5217.jpg,,,
기쁨,쉬는 시간의 기술,구스타프 클림트,슐로스 캄머 공원의 산책로,https://mblogthumb-phinf.pstatic.net/20110808_208/ppo32_13127686776534a7NV_JPEG/park.jpg?type=w2,,,
기쁨,간절하면 이루어진다,윌리엄 부게로,작은 소녀,https://t1.daumcdn.net/cfile/tistory/22384B3E561F003403,,,
기쁨,시험볼 때 초조함 vs 유머와 웃음,바실리 칸딘스키,확고한 분홍,https://postfiles.pstatic.net/MjAyMjAzMDhfMjUx/MDAxNjQ2Njk5MzQzNTM1.80t8H0AxByKxFmKiqcZ0AQrKtpl35xix9sdJNzrf1zkg.xkHiR6ZozD7Ym3n41w9uSwy4RcvGkTtI19mWNKQ37Ncg.JPEG.ssemi2714/SE-8f0eeb4c-d563-4bbe-8ccb-db0119ede1a6.jpg?type=w966,,,
기쁨,암기력을 향상시키는 나무들,마르틴 말하로,수풀,https://post-phinf.pstatic.net/MjAxNzExMTBfMTE1/MDAxNTEwMzA1MDIyNDk3.yodmiGGtRIUrb2J9rs3UxWd-kZ_ZxJd-wEcjA-oviFog.F_MQW66RFBbgpHzV616EhiSo5uJ3YhceBLqkMNRIHZEg.JPEG/Mart%C3%ADn_Malharro_-_La_arboleda_-_Google_Art_Project.jpg?type=w1200,,,
기쁨,공부의 신이 선택한 마인드 컨트롤,조르주 뒤센,자전거 경주,https://dbscthumb-phinf.pstatic.net/3329_000_22/20140924060458031_UAXYM0TTI.jpg/99-011860.jpg?type=m2000_2000_fst_n&wm=Y,,,
기쁨,더 좋은 미래를 위한 지금의 고생,호아킨 소로야 이 바스티다,발렌시아 해변에서,https://mblogthumb-phinf.pstatic.net/20160724_288/weandart_1469355437141F9Gd1_JPEG/%BF%A3%B6%F3_%C4%DA%BD%BA%C5%B8_%B5%E5_%B9%DF%B7%BB%BD%C3%BE%C6.JPG?type=w800,,,
기쁨,"시험 직전,효과 만점인 좋은 긴장감",조르주 브레이트너,귀고리,https://t1.daumcdn.net/cfile/blog/2250144F5589354221,,,
기쁨,합격을 위한 시크릿 이펙트,빅토리아 뒤부르그,꽃,https://mblogthumb-phinf.pstatic.net/MjAxNzA0MTFfNDgg/MDAxNDkxODM3ODM0MDk1.79Xzf5NAQT8mBvJZwi1SsCjnfCoHVmPoOteaBNpqG20g.wd7aTLEU3lAjFSvipBfIikoYLWduEdz6wuhOB_OpxAkg.JPEG.forestcds/0a6a0ebbdadc33be980b8824c89c9366.jpg?type=w800,,,
기쁨,이제 모든 준비는 끝났다,클로드 모네,푸르빌 절벽 위의 산책,http://dknews.dankook.ac.kr/news/photo/201811/16068_3529_1834.jpg,,,
기쁨,탑을 쌓듯이 견고하게 세우는 계획,피테르 브뤼헐,바벨탑,https://mblogthumb-phinf.pstatic.net/MjAxOTA2MjhfODcg/MDAxNTYxNjk0MjIzMTYw.GZ6OWkKmFvNjX5Jjxokc8ktXhK8HU14n598c2234ft0g.FBekXFUkT8JrOhMN6TBzNGu2NwOKkRFTeMfoEZ28910g.JPEG.mskim1648/2.jpg?type=w800,,,
기쁨,아침에 우리는 강해지며 모든 능력을 뜻대로 활용할 수 있다,외젠 들라크루아,민중을 이끄는 자유의 여신,https://www.i815.or.kr/upload/kr/magazine/magazine/sm-content/upload/i815/magazine/16/162/1804_i_01-700-555-okilyojx50.png,,,
기쁨,최상의 바이오리듬을 위하여,클로드 모네,지베르니 근처 푹 꺼진 양귀비 밭,https://www.claude-monet.com/images/paintings/poppy-field-in-a-hollow-near-giverny.jpg,,,
기쁨,극한 스트레스를 맞이하는 자세,페르디낭 호들러,나무꾼,https://mblogthumb-phinf.pstatic.net/MjAxNzAyMjZfMTAw/MDAxNDg4MDgwNzIyMDYx.cfBZDc0v9U5XYf_4nJwQNHrlEJ9kFEt4yV2kLNENWUkg.2hg5w_VKp3IYRQwhQOdmBMQtJGDq2NP2pMJlPIcfmi4g.JPEG.keepan2005/Screenshot_2016-05-24-16-54-44_edit.jpg?type=w2,,,
기쁨,그림을 들으면 두뇌가 움직인다,바실리 칸딘스키,즉흥 30,https://dbscthumb-phinf.pstatic.net/3329_000_1/20200825190931835_0WHCCFPBJ.jpg/9750722_i1.jpg?type=m2000_2000_fst&wm=N,,,
기쁨,졸음이 달아나는 시각 효과,한나 허쉬 폴리,아침식사 시간,https://mblogthumb-phinf.pstatic.net/20160509_227/gtw89_14627629484271i3to_JPEG/Hanna_Pauli_-_Frukostdags.jpg?type=w420,,,
기쁨,좋은 시작이 합격의 반이다,폴 필,버블 보이,https://mblogthumb-phinf.pstatic.net/MjAxOTAzMjJfMjU2/MDAxNTUzMjYwNjkxMDQ2.ZiJvfAQLTJf0AGpvBRdD2nBpI52CXnbN415Kfri4CAsg.dCWCce-KOXO14B_4KHBxE9rMIyVwfngLhr9DdM8f5MUg.JPEG.kal4eva/40539401_1964994786891171_9142333681864164502_n.jpg?type=w800,,,
기쁨,실패의 두려움을 감싸는 그림,니콜라이 듀보브스코이,폭풍 전 고요,https://painting-planet.com/images/4/image871.jpg,,,
기쁨,휴식이 필요해,앙리 마티스,꿈,https://encrypted-tbn0.gstatic.com/images?q=tbn:ANd9GcTwamDrgQFAz6W_NNcM4KYyGRB-CsKHATWrmsbrDOdGZTkag6a7ihdy-CGeObA0qKT5gUs&usqp=CAU,,,
기쁨,주어진 현실을 극복하는 힘,파울 클레,황금 물고기,https://dbscthumb-phinf.pstatic.net/3329_000_4/20140914202151443_SZ03ZN5ZL.jpg/00030088.jpg?type=m4500_4500_fst_n&wm=Y,,,
기쁨,왜 나만 이렇게 힘들까?,루돌 리터 폰 알트,알저보아슈타트의 풍경,https://mblogthumb-phinf.pstatic.net/20160509_27/gtw89_14627640452990CiDO_JPEG/Rudolf_von_Alt_-_View_of_the_Alservorstadt%2C_1872_-_Google_Art_Project.jpg?type=w2,,,
기쁨,나도 시험이 끝나면 신나게 놀고 싶어,헤리트 반 혼토로스트,발코니의 음악대,http://dknews.dankook.ac.kr/news/photo/201906/16520_4086_5635.jpg,,,
기쁨,방전돼버린 심신을 위한 풍경,카스파르 프리드리히,저녁,https://dbscthumb-phinf.pstatic.net/3329_000_89/20141110020339096_VUCQ1TS86.jpg/2011012513060853.jpg?type=m2000_2000_fst&wm=N,,,
기쁨,하지만 혼자가 아닙니다,시드니 롱,평원의 혼,https://lh3.ggpht.com/JuzW-AuZjaHdrlP7vbHIjb-hZcwyWJuGD6BKPfTIUqme2AGwoLjekEBAsdFt=s1200,,,
기쁨,중요한 면접이나 미팅을 앞두었다면,헨리 통크스,모자 가게,https://mblogthumb-phinf.pstatic.net/20131223_16/dkseon00_1387807571524GWta5_JPEG/02_The_Hat_Shop_67.7x92.7_onc_1892.jpg?type=w2,,,
기쁨,나의 의지력 점검 시간,야코프 반 훌스동크,"레몬,오렌지,석류가 있는 정물",https://images.chosun.com/resizer/qwKWkK4-uqgrg2BostfpKo2B-jw=/700x608/smart/cloudfront-ap-northeast-1.images.arcpublishing.com/chosun/YSTZBA7XBYGQ2TPBTRI32X3EUA.jpg,,,
기쁨,최고의 기억 습관,피에트 몬드리안,콤퍼지션 No.2 / 콤퍼지션 No.6,https://us.123rf.com/450wm/bobrovee/bobrovee1610/bobrovee161000020/63637641-%EB%AA%AC-%EB%93%9C%EB%A6%AC-%EC%95%88-%EC%8A%A4%ED%83%80%EC%9D%BC-%EC%9B%90%ED%99%9C%ED%95%9C-%ED%8C%A8%ED%84%B4%EC%9C%BC%EB%A1%9C-%EC%B6%94%EC%83%81-%ED%98%84%EB%8C%80-%ED%9A%8C%ED%99%94.jpg?ver=6,,,
기쁨,자신감을 최대치로 끌어올린다,이스트먼 존슨,내 뒤에 남기고 온 소녀,https://pbs.twimg.com/media/EyQGtgSUYAUPWM0.jpg,,,
기쁨,망설임 없이 도전할 용기,빅토르 질베르,아이의 간식시간,https://mblogthumb-phinf.pstatic.net/20140130_142/jch0400_1391013047745xtSUt_JPEG/Baby%27s_Snacktime.jpg?type=w2,,,
기쁨,최적의 체력 관리란?,라울 뒤피,붉은 바이올린,https://post-phinf.pstatic.net/MjAyMDAxMTRfMTU3/MDAxNTc4OTg5MTA2MDYw.lRDcFzVwXPRXjfWPzaoOdY5pCL4MqPCwD18wD0UGNNUg.9TqJLq15XuV39LV6sO_zyE1ftyHISTKfmFNp_kS-oNcg.JPEG/32-000291-02.jpg?type=w1200,,,
기쁨,"망중한, 바쁜 가운데에서도 한가로운 때",장 조제프 자비에 비도,모르트퐁텐 파크,https://postfiles.pstatic.net/20160509_179/gtw89_1462761255360YRP4i_JPEG/e0015692_56656a1ab5085.png?type=w2,,,
기쁨,하루 일과를 마치고 집으로 가는 길,빈센트 반 고흐,별이 빛나는 밤,https://t1.daumcdn.net/cfile/tistory/2751D83C565D74B222,,,
기쁨,계획이 틀어져 자책하고 있다면,파니 브레이트,축하의 날,https://post-phinf.pstatic.net/MjAyMDA1MTlfNCAg/MDAxNTg5ODUxMDYzMzMw.BQC5BmvbWX3c9lMI4lZftT3e3WcnCYdbxkYP9up61f8g.Vl8CzxsP5t-cXZRC49ro77Z5ohMhLO8wejRPoHxhELwg.JPEG/04_Fanny_Brate_A_Day_of_Celebration.jpg?type=w1200,,,
기쁨,“난 할 수 있다“는 자존감,존 스탠리,남서부 초원의 버펄로 사냥,https://cdn.pixabay.com/photo/2013/02/14/04/57/john-stanley-81529_960_720.jpg,,,
기쁨,누구에게나 슬럼프는 있다,존 워터하우스,장미의 영혼,https://dbscthumb-phinf.pstatic.net/3329_000_4/20140914203333834_16N3QBFBQ.jpg/BAL_13776.jpg?type=m2000_2000_fst&wm=N,,,
기쁨,당락을 좌우하는 막판 스퍼트,월터 크레인,포세이돈의 말들,https://ncc-phinf.pstatic.net/ncc01/2012/7/31/34/002.jpg?type=w646,,,
기쁨,잡생각을 없애는 각성 효과,조지 캐틀린,아이오와족의 추장 ‘흰 구름‘,https://mblogthumb-phinf.pstatic.net/20160910_29/yammyamm74_1473468825580kEnxD_JPEG/CYMERA_20160819_142344.jpg?type=w2,,,
기쁨,패닉을 현명하게 대처하는 법,오거스터스 에드윈 멀레디,런던 브릿지에서의 쉼,https://mblogthumb-phinf.pstatic.net/MjAyMTAyMDlfMTA1/MDAxNjEyODQyOTgyODkz.ksTX2CAe-6a4gJx0Tp1c_Tll4mvpmwDjU0vQIDzjqMIg.Wf_puF5isf7ENi1VlSDLkjiTrzC53mG8ADHW1gL4-Nwg.JPEG.anmh87/Screenshot%EF%BC%BF20210209%EF%BC%8D125446%EF%BC%BFGallery.jpg?type=w800,,,
기쁨,우울함을 이기는 마음의 위안,존 커리,아약스,https://img.wikioo.org/ADC/Art.nsf/O/AQRC66/$File/John-Steuart-Curry-Ajax.jpg,,,
기쁨,경쟁자들도 고독한 시간을 이겨냅니다,앙리 루소,잠든 집시,https://img1.daumcdn.net/thumb/R1280x0.fjpg/?fname=http://t1.daumcdn.net/brunch/service/user/9rD/image/5BSHj9T39CmPqcCkYXVFKuJ96So,,,
기쁨,한가롭게 즐기는 그 순간을 위해,필립 윌슨 스티어,해변의 젊은 여인,https://t1.daumcdn.net/cfile/blog/99F12C4A5C128E4017,,,
기쁨,합격이 당신을 기다리고 있습니다,모리스 위트릴로,포와시 거리,https://www.idolmaster.co.kr/data/image/03%5B1%5D.jpg,,,
